id,en,de,es,fr
P3719,regulated by,reguliert von,regulado por,régi par
P1704,is pollinator of,Bestäuber von,polinizador,pollinisateur de
P3173,offers view on,bietet Sicht auf,ofrece vista a,offre une vue sur
P3085,qualifies for event,qualifiziert für Turnier,califica para el evento,qualifie pour
P4646,representation of,Vorstellung von,representación de,représentation de
P4043,emulates,emuliert,emula,émule
P1034,main food source,Hauptnahrungsquelle,fuente de alimento principal,source principale de nourriture
P457,foundational text,Gründungsvertrag,texto fundacional,texte fondateur
P532,port of registry,Registerhafen,puerto de registro,quartier d'immatriculation
P740,location of formation,Gründungsort,lugar de formación,lieu de fondation
P1817,addressee,Adressat,destinatario,destinataire
P122,basic form of government,Regierungsform,forma de gobierno,régime politique
P58,screenwriter,Drehbuchautor,guionista,scénariste
P5249,sports competition competed at,Teilnahme an Sportveranstaltung,competición deportiva participada,compétition sportive
P9072,derived from organism type,abgeleitet vom Organismentyp,derivado del organismo,dérivé de l'organisme
P1716,brand,Marke,marca,marque
P1165,home world,Heimatwelt,mundo de origen,monde d'origine
P741,playing hand,Spielhand,mano utilizada,prise de raquette
P5110,has grammatical person,hat grammatische Person,tiene la persona gramatical,a comme personne grammaticale
P6889,microarchitecture,Mikroarchitektur,microarquitectura,microarchitecture
P8839,hairstyle,Frisur,peinado,coiffure
P8546,recording location,Ort der Aufnahme,ubicación de la grabación,lieu d'enregistrement
P3080,game artist,Spielekünstler,artista de juegos,artiste multimédia
P534,streak color,Strichfarbe,color de la raya,couleur du trait
P7167,does not have effect,verursacht nicht,no tiene como efecto,n'a pas d'effet
P1951,investor,Investor,inversionista,investisseur
P2554,production designer,Szenenbildner,diseñador de producción,chef décorateur
P2358,Roman praenomen,römischer Vorname,praenomen,praenomen
P66,ancestral home,Herkunftsort,hogar ancestral,foyer ancestral
P8006,footedness,Füßigkeit,lateralidad de los pies,agilité des pieds
P7163,typically sells,verkauft im Allgemeinen,vende generalmente,vend généralement
P7938,associated electoral district,Wahlkreis,situado en la entidad territorial electoral,division électorale
P786,stipe character,Stielform,carácter del estipe,caractère du stipe
P106,occupation,Tätigkeit,ocupación,occupation
P85,anthem,Hymne,himno,hymne
P2841,age of onset,Erkrankungsalter,edad de aparición,âge d'apparition
P1811,list of episodes,Episodenliste,lista de episodios,liste des épisodes
P631,structural engineer,Statiker,ingeniero estructural,ingénieur de structure
P5588,invasive to,invasiv in,especie invasora en,envahit
P1158,location of landing,Landeplatz,sitio del aterrizaje,site d'atterrissage
P4608,scenographer,Bühnenbildner,escenógrafo,scénographe
P103,native language,Muttersprache,lengua materna,langue maternelle
P5995,kit supplier,technischer Ausrüster,proveedor de equipación,équipementier
P37,official language,Amtssprache,idioma oficial,langue officielle
P689,afflicts,befällt,afecta,affecte
P568,overlies,Liegend,suprayacente a,mur
P3158,enclosure,Einhausung,recinto,enceinte
P2453,nominee,Nominierter,nominado,nommé
P38,currency,Währung,moneda,monnaie
P183,endemic to,endemisch in,endémico en,endémique de
P163,flag,Flagge,descripción de la bandera,drapeau
P4805,make-up artist,Visagist,maquillador,maquilleur
P556,crystal system,Kristallsystem,sistema cristalino,système cristallin
P2438,narrator,Erzähler,narrador,narrateur
P3491,muscle insertion,Muskelansatz,inserción del músculo,insertion du muscle
P282,writing system,Schrift,alfabeto,système d'écriture
P291,place of publication,Erscheinungsort,lugar de publicación,lieu de publication
P2548,strand orientation,Strangorientierung,orientación de la cadena,orientation des brins
P6275,copyright representative,urheberrechtliche Vertretung durch,representante de derechos de autor,représentant des droits d'auteurs
P20,place of death,Sterbeort,lugar de fallecimiento,lieu de mort
P3680,statement supported by,Aussage gestützt durch,afirmación sostenida por,déclaration soutenue par
P5202,adapted by,Bearbeiter,adaptación de,adaptation par
P2184,history,Geschichte,historia,histoire
P3027,open period from,geöffnet von Zeitpunkt,abierto desde,début de la période d'ouverture
P450,astronaut mission,Raumfahrtmission,misión del astronauta,mission de l'astronaute
P2813,house publication,Hauspublikation,órgano de prensa,organe de presse
P1455,list of works,Werkliste,lista de obras,liste des œuvres
P3712,objective of project or action,angestrebtes Ziel,objetivo del proyecto o de la acción,objectif du projet ou de la mission
P8822,epithet,Epitheton,epíteto,épithète
P3764,pole position,Pole Position,pole position,en pole position au départ
P2361,online service,Onlinedienst,servicio en línea,service en ligne
P6606,study or design for,Studie oder Entwurf für,estudio o diseño para,étude ou travail préparatoire pour
P5126,assistant director,Regieassistent,ayudante de dirección,assistant réalisateur
P2882,relegated,Absteiger,relegado,relégué
P2634,sitter,Modell,modelo,modèle
P1625,has melody,verwendet eine Melodie aus,tiene la melodía de,contient une mélodie de
P5096,member of the crew of,Mitglied der Besatzung von,tripulante de,membre de l'équipage de
P7228,access restriction status,Zugangsbeschränkung,restricción de acceso,conditions d'accès
P1990,species kept,gehaltene Arten,especies presentes,espèce conservée
P9972,illustrative content,illustrativer Inhalt,ilustraciones contenidas,contenu illustratif
P6954,online access status,Onlineverfügbarkeit,estatus de acceso,type d'accessibilité
P136,genre,Genre,género,genre
P452,industry,Branche,industria,secteur d'activité
P4770,hydrated form of,ist eine Hydrat-Form von,es una forma hidratada de,est une forme hydratée de
P1462,standards body,standardisiert von,organismo de normalización,organisme de normalisation
P4510,describes a project that uses,beschriebenes Projekt benutzt,describe un proyecto que usa,décrit un projet qui utilise
P449,original broadcaster,Sender der Erstausstrahlung,emisora original,diffuseur original
P6001,applies to people,gilt für Leute,válido para,s'applique aux personnes
P2872,visitor centre,Touristeninformation,oficina de turismo,office de tourisme
P5800,narrative role,narrative Funktion,función narrativa,rôle narratologique
P517,interaction,Wechselwirkung,interacción,interaction
P7937,form of creative work,künstlerische Form,forma artística,forme de l'œuvre
P6872,has written for,hat geschrieben für,editor en,rédacteur à
P1884,hair color,Haarfarbe,color de pelo,couleur des cheveux
P3018,located in protected area,liegt in Schutzgebiet,localizado en el área protegida,aire protégée
P483,recorded at studio or venue,Aufnahmeort,grabado en,studio d'enregistrement
P1686,for work,für das Werk,premiado por la obra,récompense pour
P3975,secretary general,Generalsekretär,secretario general,secrétaire général
P1050,medical condition,Erkrankung,condición médica,affection médicale
P2286,arterial supply,arterieller Zustrom,irrigación arterial,artère
P59,constellation,Sternbild,constelación,constellation
P1201,space tug,Raketenoberstufe,remolcador espacial,remorqueur spatial
P8138,located in the statistical territorial entity,liegt in der statistischen Einheit,situado en la entidad territorial estadística,situé dans l'entité territoriale statistique
P1434,takes place in fictional universe,beschreibt fiktives Universum,describe el universo ficticio,décrit l'univers de fiction
P8289,parish church,Pfarrkirche,iglesia parroquial,église paroissiale
P3912,newspaper format,Zeitungsformat,formato de periódico,format de journal
P1923,participating team,teilnehmendes Team,equipo participante,équipes participantes
P930,type of electrification,Bahnstromsystem,tipo de electrificación,type d'électrification
P1546,motto,Wahlspruch,lema,devise
P149,architectural style,Architekturstil,estilo arquitectónico,style architectural
P1389,product certification,Produktzertifikat,certificación del producto,certificat de produit
P3803,original film format,Filmformat,formato original de la película,format de film original
P1656,unveiled by,enthüllt von,develado por,dévoilé par
P509,cause of death,Todesursache,causa de muerte,cause de la mort
P967,guest of honor,Ehrengast,invitado de honor,invité d'honneur
P2925,domain of saint or deity,Patron von,dominio del santo o deidad,domaine du saint ou de la divinité
P3026,closed on,geschlossen an/am,cerrado en,jours de fermeture
P3081,damaged,beschädigt,ha dañado,endommage
P6271,demonym of,Demonym zu,gentilicio de,gentilé de
P6086,dramaturge,Dramaturg,dramaturgo,dramaturge (de production)
P111,measured physical quantity,gemessene physikalische Größe,cantidad física medida,grandeur physique mesurée
P1013,criterion used,verwendetes Kriterium,criterio utilizado,critère utilisé
P8646,expansion of,Erweiterung von,expansión de,extension de
P1956,takeoff and landing capability,Start- und Landeweise,despegue y aterrizaje,décollage et atterrissage
P5998,distributary,Mündungsarm,distributario,défluent
P538,fracturing,Bruch,fractura,cassure
P4968,relevant qualification,relevante Qualifikation,cualificación relevante,qualification pertinente
P784,mushroom cap shape,Hutform,tipo de sombrero,type de chapeau
P680,molecular function,Molekularfunktion,función molecular,fonction moléculaire
P4443,card network,Kreditkarten-Netzwerk,red de tarjeta,réseau de carte bancaire
P35,head of state,Staatsoberhaupt,jefe de Estado,chef d'État
P2715,elected in,gewählt in,electo en,élection
P1677,index case of,Indexpatient von,caso índice de,patient zéro de
P589,point group,Punktgruppe,grupo puntual,groupe ponctuel
P516,powered by,angetrieben von,impulsado por,origine mécanique de l'énergie
P1142,political ideology,politische Weltanschauung,ideología política,idéologie politique
P7095,end grade,höchste Klassenstufe,grado final,plus haut niveau scolaire
P8345,media franchise,Medien-Franchise,franquicia de medios,franchise médiatique
P2700,protocol,Protokoll,protocolo,protocole d'accès
P1911,increased expression in,erhöhte Expression in,expresión incrementada en,expression accrue dans
P2827,flower color,Blütenfarbe,color de las flores,couleur des fleurs
P2962,title of chess person,Titel (im Schachsport),título de ajedrecista,titre au jeu d'échecs
P9241,demographics of topic,Demografie des Objekts,demografía del elemento,démographie du sujet
P4688,geomorphological unit,geomorphologische Einheit,unidad geomorfológica,unité géomorphologique
P2159,computes solution to,löst,resuelve,résout
P6437,day of regular release,Tag der Veröffentlichung,día de lanzamiento regular,jour de parution
P2568,repealed by,aufgehoben durch,abrogado por,abrogé par
P823,speaker,Redner,orador,orateur
P4100,parliamentary group,Fraktion,grupo parlamentario,groupe parlementaire
P495,country of origin,Ursprungsland,país de origen,pays d’origine
P1056,product or material produced,Produkt,producto,produit
P5053,fastest lap,schnellste Runde,vuelta más rápida,auteur du meilleur tour
P8115,eligible recipient,für Erhalt qualifiziert,posible receptor,bénéficiaire éligible
P2348,time period,Zeitraum,periodo histórico,période
P3602,candidacy in election,kandidiert für,candidato en la elección,candidat à l'élection
P3610,fare zone,Tarifzone,zona tarifaria,zone tarifaire
P3033,package management system,Paketverwaltung,sistema de gestión de paquetes,gestionnaire de paquets
P6819,calligrapher,Kalligraph,calígrafo,calligraphe
P1412,"languages spoken, written or signed",gesprochene oder publizierte Sprachen,"lenguas habladas, escritas o signadas","langues parlées, écrites ou signées"
P277,programming language,Programmiersprache,lenguaje de programación,langage de programmation
P1308,officeholder,Amtsinhaber,titular del cargo,titulaire
P750,distributed by,Distributor,distribuidor,distribué par
P4147,conjugate acid,konjugierte Säure,ácido conjugado,acide conjugué
P9191,letterer,Letterer,letrista,lettreur
P453,character role,Rolle,rol,rôle
P787,spore print color,Sporenpulverabdruck,color de espora,couleur de sporée
P840,narrative location,Handlungsort,lugar de la narración,lieu de l'action
P5832,political coalition,Koalition,coalición política,coalition politique
P3437,people or cargo transported,transportiertes Gut oder Passagiere,carga o personal transportado,cargaison
P3103,has tense,hat grammatische Zeitform,tiene como tiempo gramatical,a comme temps grammatical
P364,original language of film or TV show,Originalsprache,idioma de la película o programa de televisión,langue originelle du film ou de l'émission de télévision
P6532,has phenotype,hat Phänotyp,tiene el fenotipo,a un phénotype
P4324,combination classification,Kombinationswertung,clasificación de la combinada,classement du meilleur au combiné
P4543,has listed ingredient,aufgeführter Bestandteil,ingrediente listado,ingrédient indiqué
P5134,evaluation of,Auswertung von,evaluación de,évaluation de
P88,commissioned by,Auftraggeber,comisionador,commanditaire
P3189,innervated by,innerviert durch,inervado por,innervé par
P1885,cathedral,Kathedrale,catedral,cathédrale
P3092,film crew member,Mitglied des Filmstabs,miembro del equipo de filmación,membre de l'équipe du film
P9810,remix of,Remix von,remezclar de,remix de
P427,taxonomic type,nomenklatorischer Typ,tipo taxonómico,type taxinomique
P2587,has phoneme,enthält Phonem,tiene el fonema,a le phonème
P1423,template has topic,Hauptthema der Vorlage,tema tiene plantilla,sujet principal d'un modèle
P1011,excluding,ausgenommen,excluyendo,non pris en compte
P7984,depicted format,abgebildetes Format,formato representado,type de vue
P4586,type foundry,Schriftgießerei,empresa diseñadora de tipos,fonderie typographique
P1918,altered regulation leads to,geänderte Regulation führt zu,regulación alterada resulta en,conséquence d'une altération de la régulation
P1995,health specialty,medizinisches Fachgebiet,especialidad sanitaria,spécialité médicale
P4185,iconographic symbol,ikonografisches Symbol,símbolo iconográfico,symbole iconographique
P415,radio format,Radioformat,formato de radio,format radio
P3833,diaspora,Diaspora,diáspora,diaspora
P5872,perfume note,Duftnote,nota del perfume,note d'un parfum
P1910,decreased expression in,verringerte Expression in,expresión reducida por,expression réduite par
P654,direction relative to location,Richtung relativ zur Position,dirección relativa a la posición,direction relative au lieu
P1310,statement disputed by,Aussage bestritten von,afirmación disputada por,contesté par
P1444,destination point,geografischer Endpunkt,lugar de finalización,destination du parcours
P1678,has vertex figure,Folgefläche beim Abstumpfen,figura de vértice,figure de sommet
P5353,school district,Schulbezirk,distrito escolar,district scolaire
P4330,contains,enthält,contiene,contient
P1032,Digital Rights Management system,Digital-Rights-Management-System,sistema de gestión de derechos digitales,système de mesures techniques de protection
P803,professorship,Professur,cátedra universitaria,chaire universitaire
P5095,fault,Verwerfung,falla,faille
P118,league,Liga,liga,ligue
P2633,geography of topic,Geographie,geografía,géographie
P800,notable work,bedeutende Werke,obra destacada,œuvre notable
P1775,follower of,Anhänger von,seguidor de,suiveur de
P1606,natural reservoir of,Erregerreservoir von,reservorio natural de,réservoir naturel de
P1264,valid in period,betroffener Zeitraum,periodo aplicable,période applicable
P4774,biological phase,biologische Phase,fase biológica,phase biologique
P3739,inflorescence,Blütenstand,inflorescencia,inflorescence
P27,country of citizenship,Land der Staatsangehörigkeit,país de nacionalidad,pays de citoyenneté
P1660,has index case,hat Indexpatient,tiene como caso índice,patient zéro
P3274,content deliverer,Serviceprovider,proveedor de contenido,fournisseur du contenu
P2679,author of foreword,Autor des Vorworts,autor del prefacio,auteur de la préface
P913,notation,Notation,notación,notation
P1909,side effect,Nebenwirkung,efecto secundario,effet secondaire
P1534,end cause,Ursache der Beendigung,causa del fin,motif de fin
P2079,fabrication method,Herstellungsmethode,método de fabricación,méthode de fabrication
P1605,has natural reservoir,hat Erregerreservoir,tiene reservorio natural,a pour réservoir naturel
P5052,supervisory board member,Aufsichtsratmitglied,miembro del consejo de supervisión,membre du conseil de surveillance
P8852,facial hair,Gesichtshaar,vello facial,pilosité faciale
P1537,contributing factor of,Co-Faktor von,factor contribuyente de,facteur contributif de
P6099,clinical trial phase,Studienphase,fase de ensayo clínico,phase d'essai clinique
P6259,epoch,Epoche,época,époque
P9234,supplement to,Beilage,suplemento de,supplément de
P9745,translation of,Übersetzung von,traducción de,traduction de
P1211,fuel system,Kraftstoffversorgung,sistema de alimentación,type d'alimentation en carburant
P4195,category for employees of the organization,Kategorie für Angestellte der Organisation,categoría para empleados de la organización,catégorie pour les employés de l'organisation
P2881,promoted,Aufsteiger,promovido,promu
P469,lakes on river,See im Verlauf,lagos y embalses en el curso de agua,lac sur le cours d'eau
P542,officially opened by,offiziell eröffnet von,abierto oficialmente por,officiellement ouvert par
P8739,prohibits,verbietet,prohíbe,interdit
P2318,debut participant,Debütteilnehmer,debutante,première participation
P2675,reply to,Antwort auf,respuesta a,réponse à
P3433,biological variant of,biologische Nebenform von,variante biológica de,variante biologique de
P87,librettist,Librettist,libretista,librettiste
P1078,Valvetrain configuration,Ventiltrieb,Sistema mecánico,configuration de la commande des soupapes
P1363,points/goal scored by,Punkt/Treffer erzielt durch,puntos/goles marcados por,point/but marqué par
P768,electoral district,Wahlbezirk,circunscripción electoral,circonscription électorale
P1227,astronomical filter,astronomischer Filter,filtro astronómico,filtre astronomique
P1060,pathogen transmission process,Krankheitserregerübertragungsprozess,proceso de transmisión del patógeno,processus de transmission pathogène
P1068,instruction set,Befehlssatz,conjunto de instrucciones,jeu d'instructions
P358,discography,Diskografie,discografía,discographie
P84,architect,Architekt,arquitecto,architecte
P3496,teams classification by points,Mannschaftsklassifikation nach Punkten,clasificación de equipos por puntos,classement par équipe aux points
P6118,season ends,Saisonende,fin de la temporada,fin de la saison
P3985,supports programming language,unterstützte Programmiersprache,lenguaje de programación soportado,langage de programmation supporté
P8810,parent,Elternteil,padres,parent (non spécifié)
P4733,produced sound,erzeugtes Geräusch,sonido producido,son émis
P2505,carries,überführt,permite el paso de,permet de faire passer
P1057,chromosome,Chromosom,cromosoma,chromosome
P2680,author of afterword,Autor des Nachworts,autor del epílogo,auteur de la postface
P5054,cabinet,Kabinett,gabinete,gouvernement
P744,asteroid family,Asteroidenfamilie,familia de asteroides,famille d'astéroïdes
P1080,from narrative universe,aus narrativem Universum,del universo de ficción,tiré de l'univers de fiction
P1875,represented by,repräsentiert von,representante,représenté par
P135,movement,Bewegung,movimiento,mouvement
P1210,supercharger,Kompressor,supercargador,système de suralimentation
P7500,comorbidity,Komorbidität,comorbilidad,comorbidité
P618,source of energy,Energiequelle,fuente de energía,source d'énergie
P923,medical examinations,medizinische Untersuchungen,exámenes posibles,examens possibles
P788,mushroom ecological type,Lebensart des Pilzes,tipo de ecología de la seta,type écologique de champignon
P2632,place of detention,Haftort,lugar de encarcelamiento,lieu de détention
P2935,connector,Anschluss,conector,connecteur
P1012,including,einschließlich,incluyendo,pris en compte
P4322,best sprinter classification,Sprintwertung,Clasificación de las metas volantes,classement du meilleur sprinteur
P1547,depends on software,abhängig von,depende del software,dépend de
P8032,victim,Opfer,víctima,victime
P272,production company,Produktionsgesellschaft,empresa productora,société de production
P1419,shape,Form,forma,forme géométrique
P5824,is retracted by,ist zurückgezogen worden von,es retractado por,rétractation
P2416,sports discipline competed in,Sportdisziplin,disciplina deportiva,discipline sportive pratiquée en compétition
P3828,wears,trägt,vestimenta,élément de parure
P5389,permanent resident of,mit Niederlassungserlaubnis in,residente permanente de,résident permanent de
P4006,overrules,überstimmen,prevalece sobre,l'emporte sur
P69,educated at,besuchte Bildungseinrichtung,educado en,scolarité
P189,location of discovery,Fundort,lugar de descubrimiento,lieu de découverte
P3094,develops from,entwickelt sich aus,se desarrolla de,se développe de
P2825,via,via,vía,via
P4934,calculated from,berechnet aus,calculado a partir de,calculé à partir de
P2462,member of the deme,Mitglied im Demos,miembro del demo,membre du dème
P2937,parliamentary term,Legislaturperiode,legislatura,législature
P2828,corporate officer,leitender Angestellter,funcionario de la corporación,cadre dirigeant
P400,platform,Plattform,plataforma,plateforme
P4353,nominated by,vorgeschlagen von,nominado por,nommé à ce poste par
P690,space group,Raumgruppe,grupo espacial,groupe spatial
P681,cell component,Zellkomponente,componente celular,composant cellulaire
P425,field of this occupation,Betätigungsfeld des Berufes,ámbito de la ocupación,domaine d'occupation
P6364,official color,offizielle Farbe,color oficial,couleur officielle
P1789,chief operating officer,Chief Operating Officer,jefe de operaciones,directeur de l'exploitation
P1049,worshipped by,Gottheit von,venerado por,fait l'objet d'une vénération par
P831,parent club,Mutterverein,club principal,club parent
P1881,list of characters,Liste der Charaktere,lista de personajes,liste des personnages
P2289,venous drainage,venöse Abstrom,drenaje venoso,drainage veineux
P2175,medical condition treated,zur Behandlung von benutzt,condición médica tratada,maladie traitée
P3512,means of locomotion,Fortbewegungsweise,medio de locomoción,moyen de locomotion
P3741,seed dispersal,Samenausbreitung,dispersión de semillas,dissémination des graines
P8701,has census,hat Volkszählung,censo de la población,recensement de la population effectué
P1731,Fach,Stimmfach,especialización vocal,Fach
P2353,statistical unit,statistische Einheit,unidad estadística,granularité
P1571,codomain,Zielmenge,codominio,ensemble d'arrivée
P972,catalog,Katalog,catálogo,catalogue
P3461,designated as terrorist by,als terroristisch eingestuft von,considerado terrorista por,désigné comme terroriste par
P688,encodes,codiert,codifica,synthètise
P1898,lowest note,tiefste Note,nota más baja,note la plus basse
P6116,chord progression,Akkordprogression,progresión armónica,progression d'accords
P1592,prosecutor,Ankläger,fiscal,procureur
P5051,towards,Endhaltestelle,destino,destination
P200,inflows,Zufluss,alimentación,alimentation
P1924,vaccine for,Impfstoff für,vacuna para,vaccin pour
P703,found in taxon,auffindbar in Taxon,hallado en el taxón,trouvé dans le taxon
P4954,may prevent,kann verhindern,puede prevenir,peut prévenir
P5816,state of conservation,Erhaltungszustand,estado de conservación,état de conservation
P4614,drainage basin,Einzugsgebiet,cuenca hidrográfica,bassin versant
P2308,class,Klasse,clase,classe
P3501,Christian liturgical rite,katholischer Ritus,rito cristiano,rite catholique
P2673,next crossing upstream,nächste Querung flussaufwärts,próximo cruce río arriba,précédent franchissement en amont
P1706,together with,zusammen mit,junto con,avec
P1318,proved by,bewiesen durch,probado por,prouvé ou démontré par
P2551,used metre,Metrum,métrica usada,métrique utilisée
P2578,studies,studiert,estudia,objet de la discipline
P812,academic major,Hauptfach im Studium,especialización académica,principale spécialité d'étude
P1887,vice-county,Vice-County,vicecondado,vice-comté
P8058,symbol of,Symbol von,símbolo de,symbole de
P8764,port calls,Angelaufener Hafen,puerto de escala,port d'escale
P4584,first appearance,erstes Erscheinen,primera aparición,première apparition
P1456,list of monuments,Liste der Denkmale,lista de monumentos,liste de biens patrimoniaux
P4446,reward program,Bonusprogramm,programa de beneficios,programme de récompense
P65,site of astronomical discovery,astronomischer Entdeckungsort,lugar de descubrimiento astronómico,lieu de découverte astronomique
P1809,choreographer,Choreograf,coreógrafo,chorégraphe
P522,type of orbit,Umlaufbahn,tipo de órbita,type d'orbite
P344,director of photography,Kameramann,director de fotografía,directeur de la photographie
P2319,elector,Wahlleute,elector,électeur
P500,exclave of,Exklave von,exclave de,exclave de
P2396,image of function,Bildmenge,imagen de la función,image d'une application
P1454,legal form,Rechtsform,forma jurídica,forme juridique
P467,legislated by,verabschiedet durch,legislado por,législateur
P795,located on linear feature,befindet sich entlang,situado a lo largo de,situé le long de
P375,space launch vehicle,Trägerrakete,vehículo de lanzamiento espacial,lanceur
P3349,designed to carry,transportiert,diseñado para transportar,conçu pour transporter
P2500,league level below,niedrigere Liga,liga inferior,ligue inférieure
P1372,binding of software library,Sprachanbindung für,binding de biblioteca software,liaison de la bibliothèque
P2851,payment types accepted,akzeptierte Zahlungsarten,métodos de pago aceptados,méthode de paiement acceptée
P264,record label,Plattenlabel,sello discográfico,label discographique
P1312,has facet polytope,Facette des Polytops,faceta del politopo,polytope de facette
P5102,nature of statement,Art der Behauptung,naturaleza de la declaración,nature de la déclaration
P8625,bibliography,Bibliographie,bibliografía,bibliographie
P736,cover art by,Covergestalter,artista de la portada,auteur de la couverture ou de la pochette
P6112,category for members of a team,Kategorie für Vereinsmitglieder,categoría para miembros de un equipo,catégorie pour les membres de cette équipe
P2820,cardinality of this set,Mächtigkeit dieser Menge,cardinalidad de este conjunto,cardinalité de cet ensemble
P9071,character type,Charaktertypus,tipo de personaje,personnage type
P770,cause of destruction,Grund der Zerstörung,causa de destrucción,cause de la destruction
P1393,proxy,Bevollmächtigte,apoderado,fondé de pouvoir
P1170,transmitted signal type,übertragenes Signal,señal transmitida,signal transmis
P531,diplomatic mission sent,diplomatische Vertretung,misión diplomática enviada,mission diplomatique envoyée
P4743,animal breed,Tierrasse,raza animal,race animale
P1313,office held by head of government,oberstes Regierungsamt,cargo ocupado por el jefe de gobierno,poste occupé par le chef de l'exécutif
P3037,spatial reference system,Koordinatenbezugssystem,sistema de referencia espacial,système de coordonnées
P7045,chassis,Fahrgestell,chasis,châssis
P1026,academic thesis,Hochschulschrift,tesis académica,thèse académique
P7261,use restriction status,Status der Verwendungsbeschränkung,restricción de uso,restrictions d'utilisation
P5460,grants,verleiht akademischen Grad,confiere,diplôme ou distinction délivré
P6149,running mate,Mitkandidat,candidato a la vicepresidencia,candidat à la vice-présidence
P5023,activity policy in this place,Verhaltensanweisung für den Ort,actividad reglamentada en este lugar,politique réglementaire en vigueur sur place
P4745,is proceedings from,ausgehend von,actas de,actes de
P3161,has grammatical mood,hat grammatische Stimmung,tiene como modo gramatical,a comme mode grammatical
P4312,camera setup,Filmkameraaufbau,posición de cámara,position de caméra
P8791,digitised by,digitalisiert von,digitalizado por,numérisé par
P1194,received signal type,empfangenes Signal,señal recibida,signal capté
P2095,co-driver,Beifahrer,copiloto,copilote
P720,asteroid spectral type,Spektraltyp des Asteroiden,tipo espectral de asteroide,type spectral de l'astéroïde
P658,tracklist,Titelliste,lista de canciones,liste des chansons
P991,successful candidate,erfolgreicher Kandidat,elegido,élu
P2238,official symbol,offizielles Symbol,símbolo oficial,symbole officiel
P2674,next crossing downstream,nächste Querung flussabwärts,próximo cruce río abajo,prochain franchissement en aval
P8324,funder,Stifter,financiador,financeur
P2701,file format,Dateiformat,formato de archivo,format de fichier
P3771,activator of,Aktivator von,activador de,activateur de
P5024,choral conductor,Chorleiter,director de coro,chef de chœur
P7108,location of the point of view,Standort des Beobachters,lugar del punto de vista,position du point de vue
P1780,school of,Schule,escuela de,école de
P1340,eye color,Augenfarbe,color de ojos,couleur des yeux
P1302,primary destinations,Hauptorte,destinos principales,principales localités desservies
P6216,copyright status,Urheberrechtsstatus,estatus de los derechos de autor,statut des droits d'auteur
P6568,inscription mentions,Inschrift erwähnt,mención de la inscripción,mention sur l'inscription
P1876,vehicle,Fahrzeug,nave,vaisseau
P3816,film script,Drehbuch,guion cinematográfico,scénario
P2378,issued by,ausgestellt von,emitido por,délivré par
P841,feast day,Gedenktag,día de festividad,fête
P608,exhibition history,Ausstellungen,historial de exposiciones,exposition
P2822,by-product of,Nebenprodukt von,subproducto de,sous-produit de
P414,stock exchange,Börse,bolsa de valores,place de cotation
P4424,mandates,benötigt,requiere,demande
P6439,has lyrics,Liedtext,tiene la letra de,paroles provenant de
P7767,serving temperature,Serviertemperatur,temperatura de servido,température de service
P412,voice type,Stimmlage,tesitura,tessiture
P289,vessel class,Schiffsklasse,clase de navío,type de vaisseau
P505,general manager,Generaldirektor,director general,manager général
P6365,member category,Kategorie für Mitglieder,categoría de miembros,catégorie pour les membres
P1001,applies to jurisdiction,gehört zum Zuständigkeitsbereich,pertenece a la jurisdicción,ressort territorial
P2499,league level above,höhere Liga,liga superior,ligue supérieure
P6886,writing language,geschriebene Sprache,lengua(s) de escritura,langues d'écriture (pour les auteurs publiés seulement)
P1221,compressor type,Kompressortyp,tipo de compresor,type de compresseur
P1002,engine configuration,Motorbauform,configuración del motor,architecture du moteur
P693,cleavage,Spaltbarkeit,exfoliación,clivage
P1777,manner of,nach Art von,a la manera de,à la manière de
P1574,exemplar of,Exemplar von,ejemplar de,exemplaire de
P1387,political alignment,politische Ausrichtung,posición política,position politique
P5444,model year,Modelljahr,año del modelo,année modèle
P91,sexual orientation,sexuelle Orientierung,orientación sexual,orientation sexuelle
P30,continent,Kontinent,continente,continent
P2515,costume designer,Kostümbildner,diseñador de vestuario,costumier
P2577,admissible rule in,gültige Regel in,regla admisible en,admissible en
P2550,recording or performance of,Aufnahme oder Ausführung von,grabación o ejecución de,enregistrement ou interprétation de
P2647,source of material,Herkunft des Materials,origen del material,source du matériau
P611,religious order,Ordensgemeinschaft,orden religiosa,ordre religieux
P2541,operating area,Versorgungsgebiet,área de operación,zone opérationnelle
P3294,encoding,Kodierung,codificación,encodage
P479,input method,Eingabegerät,dispositivo de entrada,périphérique d'entrée
P6885,historical region,historische Region,región histórica,région historique
P837,day in year for periodic occurrence,Jahrestag,día del año de una ocurrencia periódica,jour de l'année
P2058,depositary,Depositar,depositario,dépositaire
P541,office contested,zur Wahl stehendes Amt,cargo que elige,poste en jeu
P588,coolant,Kühlmedium,refrigerante,réfrigérant
P1576,lifestyle,Lebensstil,estilo de vida,style de vie
P1774,workshop of,Werkstatt von,taller de,atelier de
P543,oath made by,Eid abgeleistet von,juramento tomado por,serment prêté par
P504,home port,Heimathafen,puerto de origen,port d'attache
P511,honorific prefix,ehrende Anrede,prefijo honorífico,titre honorifique
P8127,tournament format,Turnierformat,formato de torneo,format du tournoi
P9237,reissue of,Wiederveröffentlichung,reedición de,réédition de
P4908,season,Staffel,temporada,saison
P1199,mode of inheritance,Vererbungsgang,modo de herencia,mode de transmission
P6166,quotes work,wörtlich zitiertes Werk,cita la obra,cite l'œuvre
P193,main building contractor,Generalbauunternehmer,constructor,maître d'œuvre
P945,allegiance,Treuepflicht,lealtad,allégeance envers
P5185,grammatical gender,grammatikalisches Geschlecht,género gramatical,genre grammatical
P4647,location of first performance,Ort der Uraufführung oder Erstausstrahlung,lugar de primera representación,lieu de la première représentation
P1399,convicted of,verurteilt wegen,condenado por,condamné pour
P114,airline alliance,Luftfahrtallianz,alianza aérea,alliance aérienne
P512,academic degree,akademischer Grad,grado académico,diplôme universitaire
P8706,ritual object,Ritualobjekt,objeto ritual,objet rituel
P3279,statistical leader,Erster in einer Statistik,líder estadístico,auteur de la meilleure performance
P4220,order of battle,Schlachtordnung,orden de batalla,ordre de bataille
P5514,accredited by,akkreditiert von,acreditación,accrédité par
P735,given name,Vorname,nombre de pila,prénom
P126,maintained by,Betreuer,mantenido por,maintenance assurée par
P1408,licensed to broadcast to,Sendelizenz in,licenciado para emitir en,ville de licence
P5137,item for this sense,Objekt für diesen Sinn,elemento para este sentido,élément pour ce sens
P5009,complies with,erfüllt,conforme a,est conforme à
P1437,plea,Plädoyer der Verteidigung,declaración de culpabilidad,plaidoyer
P8626,opening time,Öffnungszeit,hora de apertura,heure d'ouverture
P533,target,Angriffsziel,objetivo,cible
P306,operating system,Betriebssystem,sistema operativo,système d'exploitation
P816,decays to,zerfällt zu,se desintegra en,se désintègre spontanément en
P2291,charted in,Chartplatzierung,clasificado en,classé dans
P1383,contains settlement,enthält Siedlung,núcleo de población,contient la localité
P2849,produced by,produziert durch,producido por,produit par
P21,sex or gender,Geschlecht,sexo o género,sexe ou genre
P682,biological process,biologischer Prozess,proceso biológico,processus biologique
P6758,supported sports team,unterstützt Sportmannschaft,equipo deportivo apoyado,supporter de
P5817,state of use,Nutzungszustand,estado de uso,état d'usage
P3005,valid in place,gilt für Ort,válido en,valide en/à
P3643,significant environmental impact,Einfluss auf die Umwelt,impacto ambiental significativo,problème environnemental
P655,translator,Übersetzer,traductor,traducteur
P8196,voting system,Abstimmungssystem,sistema de votación,système de vote
P1840,investigated by,untersucht von,investigado por,investigué par
P5422,has pattern,hat dekoratives Muster,patrón decorativo,motif décoratif
P912,has facility,verfügt über Einrichtung,instalaciones,équipement
P3967,final event,Finale,evento final,événement final
P3014,laws applied,angewendete Gesetze,leyes aplicadas,lois appliquées
P4634,premiere type,Erstaufführungstyp,tipo de estreno,type de première
P1192,connecting service,Linienangehörigkeit,servicio de conexión,service de transport
P8031,perpetrator,Täter,perpetrador,perpétrateur
P4379,youth wing,Jugendorganisation,organización juvenil,section de jeunesse
P4101,dissertation submitted to,Abschlussarbeit eingereicht bei,disertación presentada en,organisme de soutenance
P2563,superhuman feature or ability,übermenschliche Eigenschaft oder Fähigkeit,superpoder,super-pouvoir
P2360,intended public,Zielgruppe,público objetivo,audience cible
P2839,gait,Gangart,andadura,allure
P7084,related category,verwandte Kategorie,categoría relacionada,catégorie liée
P57,director,Regisseur,director,réalisateur ou metteur en scène
P7604,supervised by,Vorgesetzter,supervisor,encadrant
P2922,month of the year,Monat des Jahres,mes del año,mois de l'année
P2408,set in period,Zeit der Handlung,época de ambientación,époque de l'action
P2239,first aid measures,Erste-Hilfe-Maßnahmen,primeros auxilios,premiers secours
P1637,undercarriage,Fahrwerk,tren de aterrizaje,train d'atterrissage
P560,direction,Richtung,dirección,direction
P6241,collection creator,Sammlungsgründer,creador de colección,producteur d'archives
P3015,backup or reserve team or crew,Ersatzmannschaft,equipo de reserva,équipe ou équipage de réserve
P2846,wheelchair accessibility,Rollstuhlzugänglichkeit,accesibilidad para silla de ruedas,accessibilité aux fauteuils roulants
P1596,penalty,Strafe,condena,condamnation
P881,type of variable star,Typ des veränderlichen Sterns,tipo de estrella variable,type d'étoile variable
P5131,possible medical findings,mögliche medizinische Befunde,hallazgos médicos posibles,observation médicale possible
P4387,update method,Aktualisierungsmethode,método de actualización,méthode de mise à jour
P2341,indigenous to,einheimisch,nativo de,autochtone de
P4132,linguistic typology,Sprachtypologie,tipología lingüística,typologie linguistique
P8938,artistic director,Künstlerischer Leiter,director artístico de una organización,directeur artistique d'une organisation
P1027,conferred by,verliehen von,conferido por,décerné par
P4070,identifier shared with,teilt Identifikator mit,identificador compartido con,identifiant partagé avec
P3019,railway signalling system,Zugsicherungssystem,sistema de señalización ferroviaria,système de signalisation ferroviaire
P941,inspired by,inspiriert von,inspirado por,inspiré de
P1877,after a work by,nach einem Werk von,inspirado en la obra de,d'après une œuvre de
P4969,derivative work,Bearbeitung,obra derivada,œuvre dérivée
P9239,affiliated worker organisation,Gewerkschaft im Betrieb,sindicato afiliado,organisation de travailleurs affiliés
P6440,maintenance method,Instandhaltung,método de mantenimiento,méthode d'entretien
P3969,signed form,lautsprachbegleitende Gebärden,forma gestual,forme signée
P6237,real estate developer,Immobilienentwickler,promotor inmobiliario,promoteur immobilier
P92,main regulatory text,Rechtsgrundlage,texto regulador principal,principal texte régulateur
P520,armament,Bewaffnung,armamento,armement
P922,magnetic ordering,magnetische Ordnung,ordenamiento magnético,effet magnétique
P5028,sound designer,Tondesigner,diseñador de sonido,designer sonore
P925,presynaptic connection,präsynaptische Verbindung,conexión presináptica,connexion présynaptique
P4844,research intervention,Forschungsintervention,intervención de investigación,variable de recherche
P8111,recommended unit of measurement,empfohlene Maßeinheit,unidad de medida recomendada,unité de mesure recommandée
P943,programmer,Programmierer,programador,programmeur
P8744,economy of topic,Wirtschaft des Themas,economía del sujeto,économie du sujet
P3773,antagonist of,Antagonist zu,antagonista de,antagoniste de
P7727,legislative committee,Legislativkomitee,comité legislativo,comité législatif
P1028,donated by,gestifted von,donado por,donné par
P8225,is metaclass for,Metaklasse für,es una metaclase para,est une métaclasse pour
P3452,inferred from,abgeleitet von,deducido de,déduit de
P447,review score by,bewertet von,calificado por,noté par
P2392,teaching method,Lehrmethode,método de enseñanza,méthode pédagogique
P2817,appears in the heritage monument list,ist in der Kulturdenkmal-Liste,aparece en la lista de los monumentos clasificados,apparaît dans la liste des monuments classifiés
P2596,culture,Kultur,cultura,culture
P1478,has immediate cause,hat unmittelbare Ursache,causa inmediata,a pour cause immédiate
P1018,language regulatory body,Kontrollorgan der Sprache,institución de normalización,institution de normalisation
P485,archives at,archiviert in,archivado en,archivé par
P2912,distinctive jersey,Wertungstrikot,maillot distintivo,maillot distinctif
P3310,muscle action,Bewegungstyp des Muskels,acción muscular,action du muscle
P6855,emergency services,Notfalleinrichtungen,servicios de emergencia,accueil et traitement des urgences
P3301,broadcast by,ausgestrahlt von,transmitido por,diffusé par
P1654,wing configuration,Flügelanordnung,configuración alar,configuration d'aile
P2681,is recto of,ist Vorderseite von,es recto de,est le recto
P1568,definition domain,Definitionsmenge,dominio,domaine de définition
P5236,prime factor,Primfaktor,factor primo,facteur premier
P2964,right to vote,Wahlrecht,derecho de voto,corps électoral
P3490,muscle origin,Muskelursprung,origen del músculo,origine du muscle
P97,noble title,Adelstitel,título nobiliario,titre de noblesse
P1136,solved by,Gelöst von,resuelto por,résolu par
P1851,input set,Eingabemenge,conjunto de entrada,ensemble de départ
P16,transport network,Straßennetz,red de transporte,réseau de transport
P1622,driving side,Fahrseite,lado de conducción,conduite à
P4082,captured with,aufgenommen mit,tomada con,pris avec
P3093,recovered by,zurückerlangt von,recuperado por,récupéré par
P550,chivalric order,Ritterorden,orden de caballería,ordre de chevalerie
P1202,carries scientific instrument,mitgeführtes wissenschaftliches Gerät,instrumentos científicos a bordo,instruments embarqués
P868,foods traditionally associated,Traditionsgericht,alimentos tradicionalmente asociados,nourriture traditionnellement associée
P437,distribution format,Materialart/Vertriebsweg,distribución,format de distribution
P1853,blood type,Blutgruppe,grupo sanguíneo,groupe sanguin
P3148,repeals,hebt auf,revoca,abroge
P6153,research site,Forschungsort,sitio de investigación,site de recherche
P5642,risk factor,Risikofaktor,factor de riesgo,facteur de risque
P1406,script directionality,Schreibrichtung,dirección de la escritura,sens de l'écriture
P4878,symbolizes,symbolisiert,simboliza,symbolise
P3815,volcano observatory,Vulkanobservatorium,observatorio vulcanológico,observatoire volcanologique
P5072,presented in,aufgeführt bei,presentado en,présenté à
P5658,railway traffic side,Fahrordnung,sentido de circulación de trenes,sens de circulation des trains
P9883,created for,gemacht für,creado para,créé(e) pour
P811,academic minor,Nebenfach im Studium,especialización académica secundaria,seconde spécialité d'études
P19,place of birth,Geburtsort,lugar de nacimiento,lieu de naissance
P4320,mountains classification,Bergwertung,Clasificación de la montaña,classement de la montagne
P501,enclave within,Enklave in,enclave en,enclavé dans
P8258,field of training,Fach der Fachausbildung,campo de estudios profesionales,domaine d'études professionnelles
P9714,taxon range,Verbreitungsgebiet,ámbito de distribución,aire de répartition
P5133,has evaluation,hat Auswertung,tiene evaluación,a pour évaluation
P3091,mount,Reittier,montura,monture
P3440,time signature,Taktart,compás musical,chiffrage de mesure
P1429,has pet,hat Haustier,animal de compañía,animal de compagnie
P3938,named by,benannt durch,acuñado por,dénommé par
P3871,tributary orientation,Richtung als Nebenfluss,orientación del tributario,rive de confluence
P3082,destroyed,zerstört,ha destruido,détruit
P1591,defendant,Angeklagter,imputado,défendeur
P642,of,von,de,de
P1703,is pollinated by,bestäubt durch,polinización,pollinisé par
P6195,funding scheme,Fördertopf,método de financiamiento,plan de financement
P3780,active ingredient in,Wirkstoff in,es el principio activo en,est le principe actif dans
P2414,substrate of,Substrat von,sustrato de,substrat de
P4000,has fruit type,Fruchttyp,tipo de fruto,type de fruit
P2746,production statistics,Produktionsstatistik,estadísticas de producción,statistiques de production
P4444,reward,Prämie,recompensa,récompense
P2852,emergency phone number,Notrufnummer,teléfono de emergencia,numéro d'appel d'urgence
P834,train depot,Zug-Depot,terminal ferroviario,dépôt ferroviaire
P702,encoded by,codiert von,codificado por,codé par
P9899,music created for,Musik gemacht für,música creada para,musique créée pour
P7643,covered period,betroffene Epoche,periodo cubierto,période couverte
P2682,is verso of,ist Rückseite von,es verso de,est le verso
P2279,ambitus,Tonumfang,ámbito,ambitus
P9700,delta of,Flussdelta von,delta de,delta de
P9597,type of lens,Linsentyp,tipo de lente,type de lentille optique
P545,torch lit by,Flamme entzündet von,antorcha encendida por,flamme allumée par
P4151,game mechanics,Spielmechanik,sistema de juego,système de jeu
P725,voice actor,Sprecher,actor de voz,comédien de doublage
P6962,narrative motif,literarisches Motiv,tópico literario,motif narratif
P1620,plaintiff,Kläger,demandante,demandeur
P6840,student organization of,Studentenorganisation von,organización estudiantil de,organisation étudiante de
P397,parent astronomical body,übergeordneter astronomischer Körper,objeto astronómico padre,orbite autour de
P459,determination method,Bestimmungsmethode,método de determinación,méthode de détermination
P1299,depicted by,dargestellt von,representado por,est dépeint par
P3989,members have occupation,Mitglieder haben den Beruf,ocupación de los miembros,occupation des membres
P462,color,Farbe,color,couleur
P1776,circle of,Umkreis von,círculo de,cercle de
P5314,property scope,Anwendungsbereich der Eigenschaft,alcance de la propiedad,champ d'application
P241,military branch,Teilstreitkraft,rama militar,arme
P1064,track gauge,Spurweite,ancho de vía,écartement des rails
P1891,signatory,Unterzeichner,signatario,signataire
P2842,place of marriage,Ort der Eheschließung,lugar de matrimonio,lieu du mariage
P734,family name,Familienname,apellido,nom de famille
P2429,expected completeness,erwartete Vollständigkeit,grado de completitud,degré de complétude
P6587,league system,Ligasystem,sistema de liga,structure pyramidale de la ligue
P3264,radix,Grundzahl,base aritmética,base (arithmétique)
P410,military rank,militärischer Dienstgrad,rango militar alcanzado,grade militaire
P3335,associated hazard,Gefährdung,peligro,danger sur place
P1640,curator,Kurator,conservador o comisario,conservateur ou commissaire
P546,docking port,Andockziel,puerto de atraque o de acople,port d'arrimage
P1046,discovery method,Nachweismethode,método de descubrimiento,méthode de découverte
P942,theme music,Titelmusik,tema musical,thème musical
P8571,external auditor,externer Rechnungsprüfer,auditor externo,auditeur comptable
P8363,study type,Studientyp,tipo de estudio,type d'étude
P2989,has grammatical case,hat grammatischen Fall,tiene el caso gramatical,a comme cas grammatical
P1445,fictional universe described in,fiktives Universum wird beschrieben in,universo ficticio descrito en,univers de fiction décrit dans
P7078,typing discipline,Typisierung,sistema de tipos,système de typage
P1672,this taxon is source of,Ursprung von,este taxón es una fuente de,ce taxon produit
P3701,incarnation of,Inkarnation von,encarnación de,incarnation de
P3438,vehicle normally used,normalerweise verwendetes Fahrzeug,vehículo usado normalmente,véhicule habituellement utilisé
P5132,suggests the existence of,vermutet das Vorhandensein von,sugiere la existencia de,suggère l'existence de
P826,tonality,Tonart,tonalidad,tonalité
P873,phase point,Phasenpunkt,punto de fase,point de phase
P1652,referee,Schiedsrichter,árbitro,arbitre
P3447,mirrors data from,spiegelt Daten von,replica datos de,données miroirs de
P4224,category contains,Kategorie enthält,categoría contiene,type d'élément contenu dans la catégorie
P765,surface played on,Belag,tipo de superficie,type de surface
P376,located on astronomical body,auf astronomischem Körper,en el cuerpo astronómico,sur le corps astronomique
P5026,lighting designer,Lichtgestalter,diseñador de iluminación,éclairagiste
P634,captain,Mannschaftskapitän,capitán,capitaine
P3150,birthday,Geburtstag,cumpleaños,anniversaire
P3489,pregnancy category,Schwangerschaftskategorie,categoría farmacológica en el embarazo,catégorie de grossesse
P7936,business model,Geschäftsmodell,modelo de negocio,modèle d'affaires
P9353,does not have cause,nicht verursacht durch,no tiene como causa,n'a pas pour cause
P101,field of work,Arbeitsgebiet,campo de trabajo,domaine d'activité
P1589,lowest point,tiefster Punkt,punto más bajo,point le plus bas
P2517,category for recipients of this award,Kategorie für Preisträger,categoría para los galardonados con este premio,catégorie pour les lauréats de cette récompense
P5323,attested in,bestätigt in,atestiguado en,attesté dans
P924,possible treatment,medizinische Behandlungen,tratamiento posible,traitements possibles
P3022,flag bearer,Flaggenträger,abanderado,porte-drapeau
P1595,charge,Anklagepunkt,imputación,inculpation
P2894,day of week,Wochentag,día de la semana,jour de la semaine
P1196,manner of death,Todesart,circunstancias de la muerte,circonstances de la mort
P4624,squadron embarked,eingeschifftes Geschwader,escuadrón embarcado,escadron embarqué
P3095,practiced by,praktiziert von,practicado por,pratiqué par
P7514,landscape architect,Landschaftsarchitekt,arquitecto del paisaje,architecte paysagiste
P9660,not found in,nicht nachgewiesen in,no encontrado en,non présent dans
P102,member of political party,Parteizugehörigkeit,miembro del partido político,parti politique
P1880,measurement scale,gemessen mit,medido por,mesuré par
P1536,immediate cause of,direkte Ursache von,causa inmediata de,cause immédiate de
P1479,has contributing factor,hat mitwirkenden Faktor,factor contribuyente,a comme facteur contributif
P9831,release of,Release von,publicación musical de,sortie musciale de
P870,instrumentation,Instrumentation,instrumentación,instrumentation
P6977,review of,Rezension von,reseña sobre,compte-rendu de
P199,business division,Geschäftsbereich,división comercial,division
P669,located on street or square,Straße oder Platz,situado en la calle,voie
P8001,endorsed by,Schirmherrschaft durch,apoyado por,soutenu par
P970,neurological function,neurologische Funktion,función neurológica,fonction neurologique
P209,highest judicial authority,höchstes Gericht,máxima autoridad judicial,Corps judiciaire suprême
P3263,base,Grundfläche,base geométrica,base (géométrie)
P8411,set in environment,Umgebung der Handlung,lugar de ambientación,se déroule dans l'environnement
P5873,place of devotion,Andachtsstätte,lugar de devoción,lieu de culte
P3781,has active ingredient,hat Wirkstoff,contiene el principio activo,contient le principe actif
P612,mother house,Mutterkloster,casa madre,maison mère
P748,appointed by,ernannt durch,designado por,nommé par
P3931,copyright holder,Urheberrechtsinhaber,titular de los derechos de autor,détenteur des droits d'auteur
P8738,permits,erlaubt,permite,permet
P1029,crew member(s),Mannschaftsmitglied,tripulante,équipage
P3679,stock market index,Aktienindex,índice bursátil,indice boursier
P1283,filmography,Filmografie,filmografía,filmographie
P2388,office held by head of the organization,Amt des Leiters,cargo ocupado por el dirigente,fonction à la tête de l'organisation
P3902,had as last meal,letzte Mahlzeit,última comida,dernier repas
P172,ethnic group,Bevölkerungsgruppe,etnia,groupe ethnique
P872,printed by,Drucker,impreso por,imprimé par
P4967,prerequisite,Voraussetzung,prerrequisito,prérequis
P4884,court,Gericht,tribunal,tribunal
P5196,output method,Ausgabemethode,dispositivo de salida,périphérique de sortie
P552,handedness,Händigkeit,lateralidad,latéralisation
P565,crystal habit,Kristallhabitus,hábito cristalino,habitus du cristal
P7779,member of military unit,Mitglied der Militäreinheit,miembro de la unidad militar,unité
P5248,medical evacuation to,medizinische Evakuierung nach,evacuación sanitaria a,lieu d'évacuation des blessés
P6022,"expression, gesture or body pose",Körperhaltung oder -bewegung,"expresión, gesto o postura","expression, geste ou posture"
P5109,has grammatical gender,hat grammatisches Geschlecht,tiene el género gramatical,a pour genre grammatical
P624,guidance system,Lenksystem,sistema de guiado,système de guidage
P789,edibility,Essbarkeit,comestibilidad,comestibilité
P4032,reviewed by,überprüft von,revisado por,examiné par
P832,public holiday,Feiertag,día festivo,jour férié
P2868,subject has role,Subjekt fungiert als,tiene el rol de,tient le rôle de
P2012,cuisine,Küche,cocina,cuisine servie
P194,legislative body,gesetzgebende Körperschaft,órgano legislativo,assemblée délibérante
P567,underlies,Hangend,infrayacente a,toit
P105,taxon rank,taxonomischer Rang,categoría taxonómica,rang taxinomique
P1604,biosafety level,biologische Schutzstufe,nivel de bioseguridad,niveau de sécurité biologique
P3416,end period,Schlussperiode,periodo final,période de fin
P8194,hardiness zone,Winterhärtezone,zona de rusticidad,zone de rusticité
P1290,godparent,Pate,padrino,parrain ou marraine
P1594,judge,Richter,juez,juge
P2975,host,Wirt,huésped,hôte
P5021,assessment,abgelegte Prüfung,examen realizado,examen ou concours effectué
P2384,statement describes,Aussage beschreibt,declaración describe,formule décrivant
P248,stated in,nachgewiesen in,afirmado en,affirmé dans
P6339,reports periodicity,Datenintervall,intervalo de datos,périodicité des relevés
P4622,trophy awarded,ausgezeichnet mit Trophäe,trofeo recibido,trophée remis
P887,based on heuristic,basierend auf Heuristik,basado en la heurística,déterminé par l'heuristique
P4792,dam,Talsperre,presa,barrage
P5623,type of water supply,Art der Wasserversorgung,tipo de suministro de agua,type d'alimentation en eau
P6291,advertises,bewirbt,publicita,promeut
P739,ammunition,Patrone,munición,munition
P607,conflict,Kriegseinsatz,participó en el conflicto,conflit
P1593,defender,Verteidiger,defensor,défenseur
P4791,commanded by,befohlen von,comandado por,commandé par
P1433,published in,veröffentlicht in,publicado en,publié dans
P1582,natural product of taxon,erzeugt aus,producto natural del taxón,produit par le taxon
P937,work location,Wirkungsort,lugar de trabajo,lieu de travail
P610,highest point,höchster Punkt,punto más alto,point culminant
P208,executive body,Exekutivorgan,órgano ejecutivo,exécutif
P790,approved by,anerkannt von,aprobado por,approuvé par
P817,decay mode,Zerfallsart,modo de desintegración,mode de rayonnement radioactif
P3831,object has role,Objekt fungiert als,valor tiene el rol de,rôle de l'objet
P2575,measures,misst,mide,mesure
P1779,possible creator,möglicher Urheber,presunto creador,créateur présumé
P86,composer,Komponist,compositor,compositeur ou compositrice
P3776,inhibitor of,Hemmstoff von,inhibidor de,inhibiteur de
P7781,exonerated of,freigesprochen von,exonerado de,exonéré de
P5769,editor-in-chief,Chefredakteur,redactor en jefe,responsable éditorial
P8627,closing time,Schließzeit,hora de cierre,heure de fermeture
P2770,source of income,Herkunft des Einkommens,fuente de ingreso,source de revenu
P4794,season starts,Saisonstart,inicio de la temporada,début de la saison
P926,postsynaptic connection,postsynaptische Verbindung,conexión postsináptica,connexion postsynaptique
P530,diplomatic relation,diplomatische Beziehung,relación diplomática,relation diplomatique
P47,shares border with,gemeinsame Grenze mit,comparte fronteras con,limitrophe de
P461,opposite of,Gegenteil von,opuesto a,contraire
P460,said to be the same as,eventuell gleichwertig,se dice que es lo mismo que,réputé identique à
P3373,sibling,Geschwister,hermano o hermana,frère ou sœur
P26,spouse,Ehepartner(in),cónyuge,conjoint
P7047,enemy of,Feind von,enemigo de,ennemi de
P451,unmarried partner,Lebenspartner/-in,pareja,partenaire
P1889,different from,verschieden von,diferente de,à ne pas confondre avec
P3403,coextensive with,koexistiert mit,mismo territorio que,a le même territoire que
P190,twinned administrative body,Partnerkommune,ciudad hermana,jumelage ou partenariat
P2152,antiparticle,Antiteilchen,antipartícula,antiparticule
P1382,partially coincident with,teilweise übereinstimmend mit,parcialmente coincidente con,coïncide partiellement avec
P4777,has boundary,hat als Grenze,delimitado por,délimité par
P1038,relative,Verwandte,pariente,parentèle
P197,adjacent station,benachbarte Station,estación adyacente,gare voisine
P833,interchange station,Umsteigebahnhof,estación de intercambio,pôle d'échanges
P2789,connects with,physisch verbunden mit,se conecta con,se connecte avec
P3342,significant person,relevante Person,persona relevante,personne clé
P1327,partner in business or sport,Berufs- oder Sportpartner,en conjunto con,partenaire professionnel ou sportif
P399,companion of,Begleiter,compañero de,compagnon de
P1420,taxon synonym,taxonomische Synonyme,sinónimo taxonómico,synonyme taxinomique
P129,physically interacts with,interagiert physikalisch mit,interactúa físicamente con,interagit physiquement avec
P1322,dual to,dual zu,dual de,dual de
P2375,has superpartner,hat Superpartner,tiene como s-partícula,a comme superpartenaire
P8702,parallel street,Parallelstraße,calle paralela,rue parallèle
P1639,pendant of,Pendant,pendant de,pendant de
P3032,adjacent building,Nachbargebäude,edificio adyacente,bâtiment adjacent
P6185,tautomer of,Tautomer von,tautómero de,tautomère de
P3179,territory overlaps,Territorium überschneidet sich mit,solapamiento territorial,recouvrement territorial
P144,based on,basiert auf,basado en,basé sur
P737,influenced by,beeinflusst von,influenciado por,influencé par
P2444,homoglyph,Homoglyph,homoglifo,homoglyphe
P8865,mathematical inverse,mathematische Umkehroperation,inverso matemático,inverse mathématique
P2329,antagonist muscle,antagonistischer Muskel,músculo antagonista,muscle antagoniste
P684,ortholog,ortholog,ortólogo,gène orthologue
P2652,partnership with,Geschäftsbeziehung zu,en sociedad con,en partenariat avec
P3364,stereoisomer of,Stereoisomer von,estereoisómero de,stéréoisomère de
P53,family,Familie,familia,famille
P1416,affiliation,Zugehörigkeit zu,afiliación,affilié à
P3113,does not have part,enthält nicht,no contiene,ne comprend pas
P514,interleaves with,verzahnt mit,intercalada con,s'imbrique avec
P2860,cites work,zitiert,referencia,cite le document
P8956,compatible with,kompatibel mit,compatible con,compatible avec
P807,separated from,abgetrennt von,separado de,séparé de
P1557,manifestation of,Manifestation von,manifestación de,manifestation de
P2210,relative to,Bezugspunkt,relativo a,relatif à
P4675,appears in the form of,angenommene Gestalt,aparece bajo la forma de,se métamorphose en
P6477,does not have quality,Mangel an,no tiene la cualidad,caractérisé par l'absence de
P2650,interested in,interessiert an,interesado en,intéressé par
P547,commemorates,erinnert an,conmemora,commémore
P5004,in opposition to,in Opposition zu,en oposición a,en opposition à
P1268,represents,repräsentiert,representa,représente
P825,dedicated to,Widmung an,dedicado a,dédicataire
P7719,generalization of,impliziert,implica,généralisation de
P31,instance of,ist ein(e),instancia de,nature de l'élément
P1441,present in work,kommt vor in,presente en la obra,présent dans l'œuvre
P828,has cause,Ursache,causado por,a pour cause
P1542,has effect,Ursache von,causa de,a pour effet
P2737,union of,Vereinigung von,unión de,union de
